Workbook

Sheet Dashboard
A1: Resume Intelligence — Product Dashboard
A2: Quick links: Work Items | Golden Set | Runs | Phases & Milestones | Metrics
A4: Total work items | D4: Done | G4: Completion %
A5: =COUNTA('Work Items'!A2:A500) | D5: =COUNTIF('Work Items'!G2:G500,"Done") | G5: =IFERROR(COUNTIF('Work Items'!G2:G500,"Done")/MAX(1,COUNTA('Work Items'!A2:A500)),0)
A7: In Progress | D7: Blocked
A8: =COUNTIF('Work Items'!G2:G500,"In Progress") | D8: =COUNTIF('Work Items'!G2:G500,"Blocked")
A10: Work items by Area
A11: Area | B11: Total | C11: Done | D11: In Progress | E11: Blocked | F11: P0 Count | G11: Next focus | H11: Notes
A12: Extraction QA | B12: =COUNTIF('Work Items'!C2:C500,"Extraction QA") | C12: =COUNTIFS('Work Items'!C2:C500,"Extraction QA",'Work Items'!G2:G500,"Done") | D12: =COUNTIFS('Work Items'!C2:C500,"Extraction QA",'Work Items'!G2:G500,"In Progress") | E12: =COUNTIFS('Work Items'!C2:C500,"Extraction QA",'Work Items'!G2:G500,"Blocked") | F12: =COUNTIFS('Work Items'!C2:C500,"Extraction QA",'Work Items'!F2:F500,"P0")
A13: UI / UX | B13: =COUNTIF('Work Items'!C2:C500,"UI / UX") | C13: =COUNTIFS('Work Items'!C2:C500,"UI / UX",'Work Items'!G2:G500,"Done") | D13: =COUNTIFS('Work Items'!C2:C500,"UI / UX",'Work Items'!G2:G500,"In Progress") | E13: =COUNTIFS('Work Items'!C2:C500,"UI / UX",'Work Items'!G2:G500,"Blocked") | F13: =COUNTIFS('Work Items'!C2:C500,"UI / UX",'Work Items'!F2:F500,"P0")
A14: Explainability | B14: =COUNTIF('Work Items'!C2:C500,"Explainability") | C14: =COUNTIFS('Work Items'!C2:C500,"Explainability",'Work Items'!G2:G500,"Done") | D14: =COUNTIFS('Work Items'!C2:C500,"Explainability",'Work Items'!G2:G500,"In Progress") | E14: =COUNTIFS('Work Items'!C2:C500,"Explainability",'Work Items'!G2:G500,"Blocked") | F14: =COUNTIFS('Work Items'!C2:C500,"Explainability",'Work Items'!F2:F500,"P0")
A15: Backend | B15: =COUNTIF('Work Items'!C2:C500,"Backend") | C15: =COUNTIFS('Work Items'!C2:C500,"Backend",'Work Items'!G2:G500,"Done") | D15: =COUNTIFS('Work Items'!C2:C500,"Backend",'Work Items'!G2:G500,"In Progress") | E15: =COUNTIFS('Work Items'!C2:C500,"Backend",'Work Items'!G2:G500,"Blocked") | F15: =COUNTIFS('Work Items'!C2:C500,"Backend",'Work Items'!F2:F500,"P0")
A16: Prompts | B16: =COUNTIF('Work Items'!C2:C500,"Prompts") | C16: =COUNTIFS('Work Items'!C2:C500,"Prompts",'Work Items'!G2:G500,"Done") | D16: =COUNTIFS('Work Items'!C2:C500,"Prompts",'Work Items'!G2:G500,"In Progress") | E16: =COUNTIFS('Work Items'!C2:C500,"Prompts",'Work Items'!G2:G500,"Blocked") | F16: =COUNTIFS('Work Items'!C2:C500,"Prompts",'Work Items'!F2:F500,"P0")
A17: Packaging | B17: =COUNTIF('Work Items'!C2:C500,"Packaging") | C17: =COUNTIFS('Work Items'!C2:C500,"Packaging",'Work Items'!G2:G500,"Done") | D17: =COUNTIFS('Work Items'!C2:C500,"Packaging",'Work Items'!G2:G500,"In Progress") | E17: =COUNTIFS('Work Items'!C2:C500,"Packaging",'Work Items'!G2:G500,"Blocked") | F17: =COUNTIFS('Work Items'!C2:C500,"Packaging",'Work Items'!F2:F500,"P0")
A18: Metrics | B18: =COUNTIF('Work Items'!C2:C500,"Metrics") | C18: =COUNTIFS('Work Items'!C2:C500,"Metrics",'Work Items'!G2:G500,"Done") | D18: =COUNTIFS('Work Items'!C2:C500,"Metrics",'Work Items'!G2:G500,"In Progress") | E18: =COUNTIFS('Work Items'!C2:C500,"Metrics",'Work Items'!G2:G500,"Blocked") | F18: =COUNTIFS('Work Items'!C2:C500,"Metrics",'Work Items'!F2:F500,"P0")
A20: Status counts
A21: Status | B21: Count
A22: Not Started | B22: =COUNTIF('Work Items'!G2:G500,"Not Started")
A23: In Progress | B23: =COUNTIF('Work Items'!G2:G500,"In Progress")
A24: Blocked | B24: =COUNTIF('Work Items'!G2:G500,"Blocked")
A25: Done | B25: =COUNTIF('Work Items'!G2:G500,"Done")
A28: Next Actions (edit me)
A29: 1) Lock down extraction correctness (Phase 1) 2) Build golden set + automated report 3) Implement side panel dashboard (Phase 2)

Sheet Work Items
A1: ID | B1: Phase | C1: Area | D1: Title | E1: Description | F1: Priority | G1: Status | H1: Owner | I1: Created | J1: Target Date | K1: Effort | L1: Dependencies | M1: Acceptance Criteria | N1: Notes | O1: Links
A2: WI-001 | B2: Phase 1 | C2: Extraction QA | D2: Verify JD text passed to tailoring prompt | E2: Instrument pipeline to persist exact extracted job text and exact prompt payload; confirm extracted text matches visible JD. | F2: P0 | G2: In Progress | I2: 2025-12-14 | K2: M | M2: Run artifacts include job_extracted.txt + prompt_payload.json; manual spot-check passes on 10 sites; hashes logged.
A3: WI-002 | B3: Phase 1 | C3: Extraction QA | D3: Create Golden Set + automated diff runner | E3: Build dataset of URLs + expected snippets/fields; automation computes similarity and flags failures. | F3: P0 | G3: Not Started | I3: 2025-12-14 | K3: L | L3: WI-001 | M3: Golden report produced; pass rate tracked; failures actionable with site notes.
A4: WI-003 | B4: Phase 2 | C4: UI / UX | D4: Persistent dashboard via Chrome Side Panel | E4: Replace popup-only workflow with a Side Panel dashboard that stays open across tabs; show current tab capture and run timeline. | F4: P0 | G4: Not Started | I4: 2025-12-14 | K4: L | L4: WI-001 | M4: Side panel stays open when switching tabs; can Extract/Analyze from any active tab.
A5: WI-004 | B5: Phase 3 | C5: Explainability | D5: Show extracted JD + key points + change map | E5: Expose 'what we extracted', 'what we detected', and 'what we changed' using structured tailoring JSON. | F5: P1 | G5: Not Started | I5: 2025-12-14 | K5: L | L5: WI-003 | M5: UI shows must-haves/nice-to-haves; bullet-to-requirement mapping; clear diffs.
A6: WI-005 | B6: Phase 1 | C6: Backend | D6: Add prompt payload & extraction artifacts to runs/ | E6: Persist job_raw.html (optional), job_extracted.txt/json, prompt_used_*.txt, prompt_payload.json for each run. | F6: P0 | G6: Not Started | I6: 2025-12-14 | K6: M | M6: Files available via /download map; popup enables download; status includes artifact counts.
A7: WI-006 | B7: Phase 1 | C7: Prompt Orchestration | D7: LLM pre-processor for prompt input | E7: Use LLM API to convert extension output into a structured, high-signal payload before calling OpenAI. | F7: P1 | G7: Not Started | I7: 2025-12-13
A8: WI-007 | B8: Phase 2 | C8: UI / UX | D8: Queued job analysis + chatbot for run edits | E8: Allow users to queue job links, view run history, and chat to inspect/refine outputs (e.g., fix 1+ page LaTeX resumes by editing past runs). | F8: P0 | G8: Not Started | I8: 2025-12-14

Sheet Golden Set
A1: Test ID | B1: URL | C1: Platform | D1: Expected (snippet/notes) | E1: Expected Fields (title/company/location) | F1: Actual Extract (paste or link) | G1: Similarity Score | H1: Pass? | I1: Last Test | J1: Extractor Mode | K1: Notes
A2: GS-001 | J2: Auto/Manual
A3: GS-002 | J3: Auto/Manual
A4: GS-003 | J4: Auto/Manual
A5: GS-004 | J5: Auto/Manual
A6: GS-005 | J6: Auto/Manual
A7: GS-006 | J7: Auto/Manual
A8: GS-007 | J8: Auto/Manual
A9: GS-008 | J9: Auto/Manual
A10: GS-009 | J10: Auto/Manual
A11: GS-010 | J11: Auto/Manual

Sheet Runs
A1: Run ID | B1: Date | C1: URL | D1: Platform | E1: Confidence | F1: Extract Chars | G1: Extraction Pass? | H1: Tailor JSON Valid? | I1: LaTeX Compile? | J1: Total Sec | K1: Error Summary | L1: Artifacts Path
A2: RUN-0001
A3: RUN-0002
A4: RUN-0003
A5: RUN-0004
A6: RUN-0005
A7: RUN-0006
A8: RUN-0007
A9: RUN-0008
A10: RUN-0009
A11: RUN-0010
A12: RUN-0011
A13: RUN-0012
... A21: RUN-0020

Sheet Phases & Milestones
A1: Phase | B1: Objective | C1: Key Deliverables | D1: Definition of Done | E1: Status | F1: Start | G1: Target | H1: Owner | I1: Notes
A2: Phase 1 | B2: Extraction correctness + QA baseline | C2: Instrumentation artifacts; Golden set + report; Extraction pass metric | D2: ≥90% pass on golden set; extracted text hash stored; prompt payload saved; regressions detectable | E2: In Progress
A3: Phase 2 | B3: Persistent dashboard UX (side panel) | C3: Side panel UI; cross-tab capture list; run timeline; downloads/history | D3: Side panel stays open across tab switches; can Extract/Analyze from any tab; no state loss | E3: Not Started
A4: Phase 3 | B4: Explainability & trust | C4: Key points, must/nice, change map, before/after diffs; requirement→bullet mapping | D4: Users can see what changed and why for each section; no hallucinated requirements | E4: Not Started
A5: Phase 4 | B5: Product polish & freemium readiness | C5: Limits/gating; onboarding; settings; metrics; upsell surfaces | D5: Clear free tier limits; stable analytics; subscription flow ready (even if mocked) | E5: Not Started

Sheet Metrics
A1: Product & Reliability Metrics
A2: Metric | B2: Definition | C2: Value | D2: Notes
A3: Extraction pass rate (Runs) | B3: % of runs where Extraction Pass?=YES | C3: =IFERROR(COUNTIF(Runs!G2:G200,"YES")/MAX(1,COUNTA(Runs!G2:G200)),0)
A4: Tailor JSON validity rate | B4: % of runs where Tailor JSON Valid?=YES | C4: =IFERROR(COUNTIF(Runs!H2:H200,"YES")/MAX(1,COUNTA(Runs!H2:H200)),0)
A5: LaTeX compile success rate | B5: % of runs where LaTeX Compile?=YES | C5: =IFERROR(COUNTIF(Runs!I2:I200,"YES")/MAX(1,COUNTA(Runs!I2:I200)),0)
A6: Avg total seconds | B6: Average of Total Sec | C6: =IFERROR(AVERAGEIF(Runs!J2:J200,">0"),0)
A7: Golden set pass rate | B7: % of Golden Set rows marked PASS | C7: =IFERROR(COUNTIF('Golden Set'!H2:H500,"PASS")/MAX(1,COUNTA('Golden Set'!H2:H500)),0)
